index,Type,MSRP,Invoice,MPG_City,MPG_Highway
0,Hybrid,19920.0,18429.333333333332,55.0,56.0
1,SUV,34790.25,31625.35,16.1,20.5
2,Sedan,29773.618320610687,27389.797709923663,21.083969465648856,28.629770992366414
3,Sports,53387.06122448979,48473.163265306124,18.408163265306122,25.489795918367346
4,Truck,24941.375,22616.75,16.5,21.0
5,Wagon,28840.533333333333,26645.633333333335,21.1,27.9
